sequence_id,split
10394_0358,train
10440_0340,train
10477_0006,train
10488_0640,train
10492_0551,train
10585_0566,train
10636_0787,train
10662_0388,train
10706_0434,train
11107_0871,train
11311_0400,train
11417_0421,train
11605_0734,train
11616_0984,train
11757_0435,train
11945_0684,train
12044_0323,train
12052_0936,train
12237_0306,train
12609_0948,train
12871_0773,train
12914_0817,train
13163_0929,train
13245_0290,train
13254_0108,train
13353_0645,train
13367_0933,train
13613_0525,train
13745_0952,train
13811_0836,train
13975_0934,train
14432_0964,train
14513_0319,train
14649_0119,train
14676_0383,train
14772_0729,train
14804_0954,train
14904_0682,train
14985_0330,train
15743_0413,train
15846_0063,train
15990_0495,train
16318_0476,train
16521_0910,train
17127_0567,train
17132_0785,train
17594_0944,train
17599_0661,train
17763_0121,train
17888_0658,train
17893_0314,train
18104_0999,train
18139_0819,train
18150_0346,train
18183_0845,train
18254_0741,train
18292_0668,train
18501_0509,train
18554_0971,train
18571_0485,train
18610_0541,train
18675_0442,train
18750_0072,train
18920_0555,train
19150_0230,train
19306_0085,train
19474_0371,train
19530_0739,train
19577_0523,train
19696_0199,train
19771_0210,train
19822_0144,train
20235_0487,train
20235_0582,train
20438_0493,train
20539_0890,train
20662_0176,train
20698_0840,train
20729_0031,train
20775_0473,train
20964_0807,train
20972_0467,train
21046_0424,train
21048_0647,train
21137_0398,train
21243_0353,train
21365_0015,train
21481_0096,train
21530_0356,train
21640_0795,train
21640_0803,train
21795_0892,train
22068_0086,train
22287_0208,train
22366_0611,train
22522_0877,train
22577_0267,train
22579_0234,train
22581_0939,train
22620_0626,train
22622_0240,train
22713_0558,train
22871_0760,train
22948_0296,train
22950_0186,train
23155_0569,train
23300_0068,train
23338_0214,train
23359_0811,train
23634_0686,train
23638_0213,train
23707_0560,train
23795_0635,train
23809_0562,train
23825_0676,train
23885_0506,train
24069_0928,train
24184_0065,train
24514_0869,train
24814_0586,train
24870_0587,train
24897_0136,train
24937_0980,train
24959_0965,train
25027_0702,train
25094_0592,train
25353_0250,train
25416_0426,train
25581_0089,train
25684_0439,train
25717_0332,train
25839_0337,train
25904_0924,train
25909_0643,train
26150_0498,train
26262_0901,train
26331_0553,train
26462_0002,train
26517_0017,train
26940_0157,train
27052_0912,train
27306_0704,train
27373_0042,train
27517_0710,train
27533_0778,train
27979_0317,train
28160_0550,train
28212_0533,train
28216_0953,train
28743_0201,train
29312_0968,train
29721_0623,train
30107_0835,train
30303_0874,train
30421_0563,train
30526_0664,train
30719_0263,train
30937_0513,train
31054_0344,train
31189_0200,train
31213_0786,train
31299_0484,train
31488_0490,train
31559_0132,train
31588_0992,train
31674_0743,train
31687_0115,train
32039_0273,train
32093_0494,train
32305_0209,train
32345_0872,train
32444_0079,train
32545_0854,train
33174_0886,train
33502_0220,train
33981_0005,train
34182_0674,train
34368_0288,train
34386_0464,train
34501_0466,train
34666_0343,train
34908_0847,train
34940_0919,train
35026_0049,train
35245_0255,train
35324_0325,train
35404_0363,train
35779_0097,train
35913_0112,train
35933_0961,train
35949_0465,train
36001_0991,train
36182_0071,train
36423_0084,train
36718_0681,train
36891_0789,train
37120_0302,train
37173_0783,train
37195_0733,train
37355_0451,train
37423_0018,train
37535_0103,train
37895_0829,train
38112_0299,train
38411_0813,train
38433_0868,train
38542_0719,train
38684_0479,train
38837_0219,train
38862_0690,train
38909_0627,train
39474_0226,train
39552_0524,train
39840_0125,train
40027_0622,train
40081_0364,train
40085_0111,train
40202_0329,train
40440_0457,train
40842_0842,train
41217_0978,train
41274_0606,train
41906_0937,train
42458_0548,train
42562_0052,train
42730_0638,train
42776_0130,train
42963_0718,train
42974_0105,train
43048_0055,train
43075_0185,train
43341_0545,train
43371_0573,train
43624_0932,train
43676_0262,train
43873_0822,train
44151_0365,train
44198_0575,train
44291_0396,train
45182_0945,train
45426_0367,train
45781_0762,train
46362_0408,train
46367_0852,train
46574_0680,train
46604_0266,train
46790_0619,train
46826_0995,train
46919_0229,train
47040_0338,train
47062_0846,train
47131_0497,train
47422_0077,train
47463_0291,train
47519_0594,train
47532_0721,train
47615_0696,train
47652_0675,train
47655_0532,train
47719_0997,train
48141_0666,train
48328_0543,train
48510_0154,train
48632_0047,train
48816_0286,train
48827_0012,train
48886_0916,train
48887_0458,train
49025_0975,train
49032_0896,train
49050_0141,train
49088_0841,train
49169_0568,train
49304_0404,train
49410_0311,train
49501_0110,train
49564_0038,train
49704_0369,train
49807_0986,train
49840_0757,train
50111_0797,train
50153_0671,train
50189_0268,train
50231_0064,train
50389_0058,train
50534_0888,train
50795_0629,train
50850_0251,train
51008_0225,train
51019_0403,train
51057_0654,train
51167_0895,train
51268_0151,train
51303_0774,train
51402_0026,train
51548_0318,train
51651_0584,train
51664_0405,train
51670_0588,train
51938_0470,train
52004_0016,train
52039_0381,train
52258_0242,train
52440_0416,train
52613_0146,train
52674_0357,train
52787_0051,train
52812_0468,train
52833_0033,train
52954_0075,train
53008_0417,train
53035_0753,train
53281_0350,train
53798_0342,train
53972_0637,train
54163_0301,train
54348_0951,train
54377_0259,train
54555_0557,train
54800_0962,train
54924_0107,train
54937_0851,train
55066_0651,train
55406_0128,train
55450_0669,train
55751_0749,train
55837_0444,train
56146_0406,train
56189_0776,train
56279_0850,train
56354_0703,train
56399_0994,train
56439_0361,train
56593_0336,train
56696_0616,train
56891_0147,train
57036_0161,train
57089_0998,train
57137_0455,train
57373_0285,train
57382_0348,train
57790_0781,train
57897_0283,train
58378_0044,train
58625_0407,train
58712_0609,train
58853_0360,train
58870_0061,train
59005_0818,train
59040_0308,train
59049_0712,train
59088_0705,train
59190_0375,train
59232_0677,train
59343_0889,train
59422_0387,train
59768_0639,train
59862_0740,train
59912_0529,train
59936_0825,train
59950_0127,train
60007_0162,train
60132_0232,train
60328_0904,train
60804_0414,train
60918_0731,train
61186_0274,train
61410_0864,train
61516_0504,train
61518_0149,train
61520_0243,train
62020_0873,train
62129_0440,train
62142_0985,train
62294_0192,train
62299_0763,train
62842_0769,train
62942_0695,train
62946_0123,train
63181_0775,train
63202_0212,train
63276_0590,train
63430_0205,train
63723_0833,train
63769_0625,train
63869_0378,train
64140_0931,train
64279_0244,train
64532_0074,train
64647_0310,train
64988_0859,train
65140_0372,train
65293_0027,train
65317_0188,train
65322_0747,train
65454_0048,train
65464_0245,train
65467_0554,train
65966_0347,train
65967_0546,train
66457_0653,train
66503_0303,train
66586_0333,train
66700_0848,train
66849_0679,train
66961_0828,train
67086_0028,train
67115_0791,train
67124_0222,train
67259_0122,train
67276_0001,train
67307_0699,train
67822_0628,train
67947_0655,train
68314_0021,train
68485_0556,train
68673_0471,train
68718_0022,train
68732_0354,train
68897_0277,train
69207_0620,train
69453_0004,train
69548_0409,train
69571_0530,train
69696_0037,train
69719_0636,train
69910_0159,train
69938_0010,train
70221_0701,train
70375_0633,train
70410_0798,train
70988_0631,train
71012_0561,train
71134_0730,train
71264_0189,train
71603_0411,train
71747_0446,train
71754_0988,train
71782_0453,train
72043_0650,train
72178_0328,train
72531_0422,train
72762_0452,train
72972_0095,train
72979_0725,train
73023_0735,train
73362_0727,train
73812_0334,train
73861_0390,train
73890_0019,train
74385_0165,train
74519_0178,train
74534_0519,train
74597_0145,train
74750_0384,train
74792_0269,train
74944_0660,train
75031_0913,train
75106_0481,train
75313_0492,train
75428_0191,train
75670_0298,train
75725_0544,train
75747_0472,train
76115_0279,train
76139_0604,train
76240_0241,train
76294_0547,train
76322_0248,train
76324_0940,train
76373_0137,train
76440_0571,train
76448_0195,train
76903_0124,train
77027_0397,train
77205_0158,train
77373_0601,train
77393_0322,train
77447_0860,train
77801_0941,train
78173_0856,train
78265_0168,train
78390_0641,train
78501_0800,train
78779_0903,train
78849_0289,train
78862_0918,train
78956_0820,train
78964_0415,train
79105_0914,train
79322_0374,train
79325_0898,train
79488_0024,train
79688_0181,train
79908_0518,train
80018_0577,train
80053_0254,train
80086_0870,train
80108_0512,train
80226_0469,train
80264_0736,train
80315_0169,train
80340_0761,train
80435_0693,train
80445_0491,train
80550_0745,train
80566_0907,train
80571_0496,train
80627_0752,train
80735_0614,train
80745_0630,train
80818_0160,train
80822_0878,train
80868_0685,train
81009_0166,train
81337_0862,train
81346_0808,train
81412_0943,train
81541_0902,train
81559_0527,train
81569_0812,train
81931_0926,train
82061_0537,train
82085_0894,train
82181_0879,train
82278_0905,train
82394_0683,train
82427_0801,train
82440_0060,train
82682_0431,train
82750_0767,train
82778_0742,train
83198_0591,train
83490_0235,train
83797_0802,train
83949_0615,train
84218_0885,train
84285_0834,train
84344_0564,train
84365_0143,train
84485_0139,train
84538_0779,train
84647_0790,train
84788_0150,train
84902_0605,train
84940_0335,train
84945_0657,train
85010_0832,train
85032_0264,train
85319_0395,train
85340_0987,train
85576_0030,train
85609_0478,train
85670_0463,train
86053_0982,train
86106_0207,train
86169_0694,train
86227_0723,train
86445_0163,train
86547_0300,train
86600_0315,train
86805_0876,train
86876_0447,train
87094_0507,train
87245_0218,train
87272_0884,train
87463_0428,train
87709_0098,train
87787_0386,train
88073_0772,train
88095_0477,train
88541_0101,train
89013_0754,train
89127_0429,train
89909_0974,train
90170_0231,train
90250_0922,train
90271_0313,train
90380_0758,train
90409_0013,train
90732_0559,train
90826_0649,train
90852_0806,train
91055_0460,train
91233_0380,train
91496_0921,train
91956_0946,train
92233_0678,train
92373_0716,train
92440_0713,train
92470_0366,train
92587_0863,train
92658_0580,train
92703_0170,train
92840_0700,train
92945_0502,train
93026_0239,train
93231_0260,train
93234_0171,train
93259_0292,train
93322_0917,train
93381_0923,train
93479_0540,train
93500_0133,train
93810_0823,train
93822_0070,train
93989_0155,train
94233_0216,train
94242_0958,train
94250_0906,train
94251_0202,train
94403_0707,train
94487_0320,train
94626_0486,train
95141_0732,train
95294_0589,train
95305_0270,train
95421_0399,train
95606_0698,train
95725_0576,train
95759_0784,train
95838_0522,train
96005_0488,train
96321_0875,train
96371_0692,train
96424_0355,train
96443_0644,train
96515_0810,train
96558_0459,train
96569_0448,train
96634_0090,train
96685_0304,train
96688_0142,train
97027_0175,train
97074_0276,train
97136_0602,train
97146_0462,train
97579_0538,train
97605_0009,train
97763_0312,train
97805_0117,train
98201_0227,train
98445_0748,train
99070_0565,train
99223_0899,train
99312_0697,train
99338_0118,train
99511_0793,train
99732_0608,train
99918_0197,train
10892_0359,val
11254_0113,val
11903_0196,val
11990_0539,val
12773_0427,val
13912_0091,val
13942_0826,val
14030_0499,val
15150_0078,val
17735_0224,val
18398_0305,val
18406_0402,val
18558_0257,val
19606_0287,val
20393_0041,val
20620_0164,val
20700_0534,val
21512_0057,val
21692_0528,val
21863_0516,val
22593_0341,val
22630_0066,val
23007_0228,val
23061_0436,val
24027_0858,val
24212_0206,val
24461_0309,val
24860_0039,val
25766_0972,val
26133_0607,val
27991_0138,val
30451_0579,val
30668_0167,val
30931_0572,val
31469_0830,val
32165_0410,val
32481_0585,val
32903_0659,val
34027_0673,val
34825_0764,val
34889_0412,val
35624_0570,val
35901_0935,val
36582_0706,val
37135_0035,val
38236_0759,val
38384_0394,val
38860_0756,val
39687_0370,val
40504_0920,val
40832_0542,val
41577_0008,val
42470_0475,val
43382_0595,val
44872_0893,val
46070_0689,val
46976_0624,val
47633_0526,val
47674_0925,val
49158_0438,val
49343_0969,val
49498_0036,val
50066_0282,val
50442_0792,val
51301_0217,val
51444_0514,val
51688_0140,val
52063_0456,val
52259_0867,val
52671_0950,val
53142_0549,val
53406_0911,val
53936_0482,val
54293_0211,val
54458_0326,val
54759_0883,val
55031_0610,val
55407_0253,val
55454_0882,val
55569_0129,val
55753_0831,val
56848_0093,val
57029_0432,val
57944_0032,val
58584_0307,val
60870_0237,val
60883_0046,val
61054_0474,val
61454_0020,val
61966_0632,val
62270_0520,val
62887_0788,val
63943_0014,val
64254_0297,val
65120_0368,val
66097_0053,val
66724_0809,val
67104_0726,val
67134_0648,val
67830_0688,val
68430_0450,val
69787_0646,val
70155_0423,val
70282_0844,val
70992_0190,val
71263_0062,val
71716_0011,val
72708_0511,val
72830_0711,val
73179_0109,val
73464_0327,val
74572_0593,val
74909_0134,val
75496_0839,val
76216_0443,val
76439_0751,val
76507_0094,val
77210_0223,val
78752_0531,val
79480_0069,val
79965_0728,val
80152_0724,val
80232_0401,val
81712_0083,val
82078_0339,val
82132_0687,val
84680_0007,val
85751_0766,val
85920_0501,val
86150_0500,val
86369_0153,val
86600_0331,val
87180_0771,val
88709_0184,val
89346_0003,val
90019_0480,val
91848_0930,val
92809_0489,val
93407_0857,val
93971_0737,val
94092_0376,val
95394_0755,val
96269_0866,val
96298_0187,val
96959_0054,val
97242_0827,val
97361_0970,val
98160_0720,val
98597_0535,val
99698_0824,val
11088_0956,test
12156_0034,test
12259_0321,test
13122_0425,test
13889_0324,test
14041_0515,test
15247_0959,test
15501_0193,test
16087_0316,test
16112_0672,test
16870_0131,test
17278_0816,test
17445_0183,test
17604_0517,test
17742_0345,test
18032_0194,test
18109_0156,test
18475_0738,test
18522_0087,test
18998_0503,test
19552_0887,test
19952_0179,test
20307_0088,test
20820_0180,test
21889_0104,test
21899_0392,test
22109_0989,test
23313_0993,test
23969_0284,test
24491_0092,test
25245_0040,test
26334_0603,test
26429_0578,test
27678_0173,test
27727_0983,test
27838_0814,test
28132_0794,test
28211_0100,test
28246_0433,test
29586_0617,test
31280_0805,test
31306_0510,test
31948_0215,test
32132_0252,test
32804_0056,test
33036_0799,test
33621_0373,test
33716_0915,test
33928_0652,test
34347_0454,test
35136_0000,test
35310_0909,test
35551_0662,test
35610_0521,test
36086_0853,test
36527_0233,test
36687_0976,test
36880_0765,test
36999_0293,test
37085_0393,test
37779_0967,test
37928_0099,test
37929_0552,test
38171_0837,test
38299_0960,test
38458_0174,test
38533_0691,test
38618_0135,test
39077_0804,test
39323_0996,test
39717_0172,test
42207_0708,test
42751_0536,test
42997_0445,test
43403_0618,test
43628_0942,test
43871_0349,test
44498_0600,test
44657_0275,test
46216_0777,test
46767_0116,test
48970_0715,test
49044_0955,test
49906_0979,test
50188_0667,test
50232_0247,test
50540_0246,test
50888_0665,test
51269_0050,test
51568_0596,test
52398_0583,test
54032_0198,test
54605_0947,test
55093_0597,test
55296_0966,test
55504_0082,test
56859_0043,test
57669_0483,test
57768_0634,test
57983_0352,test
58188_0865,test
58245_0957,test
58285_0746,test
58801_0717,test
59211_0838,test
59221_0294,test
59772_0505,test
59821_0362,test
59967_0709,test
60844_0029,test
61713_0385,test
62568_0908,test
63073_0900,test
63106_0437,test
63498_0280,test
63643_0821,test
63962_0106,test
64375_0949,test
64540_0815,test
65038_0272,test
65497_0981,test
66340_0990,test
66678_0023,test
67057_0663,test
67336_0351,test
67560_0880,test
68510_0080,test
68671_0780,test
68910_0581,test
69063_0714,test
69347_0881,test
69657_0076,test
69835_0430,test
69916_0073,test
70400_0102,test
70500_0025,test
71423_0391,test
71473_0938,test
71532_0927,test
72482_0613,test
72668_0249,test
72762_0973,test
73046_0420,test
74966_0574,test
75011_0722,test
75098_0258,test
75592_0670,test
76513_0461,test
77066_0744,test
77140_0045,test
78227_0449,test
78627_0177,test
79177_0278,test
79438_0182,test
79655_0796,test
80701_0977,test
81610_0271,test
81715_0238,test
82370_0081,test
82391_0599,test
82741_0891,test
83261_0204,test
83539_0221,test
83781_0152,test
84047_0295,test
84335_0389,test
84799_0598,test
85417_0843,test
85676_0768,test
86479_0236,test
86890_0621,test
86956_0114,test
87009_0441,test
88749_0419,test
89572_0963,test
89765_0382,test
90418_0126,test
90653_0148,test
91237_0849,test
91497_0855,test
91771_0861,test
92886_0067,test
93101_0059,test
93474_0261,test
94312_0418,test
94423_0656,test
94652_0377,test
95141_0642,test
95396_0256,test
95415_0508,test
96393_0281,test
97224_0612,test
97236_0750,test
97430_0770,test
97463_0120,test
98203_0379,test
98217_0782,test
98795_0265,test
99648_0203,test
99821_0897,test
