current_station,next_station,distance_km,observed_count
ADI,AGC,105.96,1
ADI,ALD,169.54,3
ADI,ASN,125.08500000000001,2
ADI,BCT,54.205,2
ADI,BZA,33.11,4
ADI,CNB,107.405,2
ADI,CSTM,27.555,2
ADI,DHN,126.94,1
ADI,JP,113.135,2
ADI,KOTA,39.03,2
ADI,LKO,135.03,1
ADI,MAS,15.51,1
ADI,NGP,125.845,2
ADI,PNBE,96.465,2
ADI,PUNE,149.43,3
ADI,RTM,82.37,1
ADI,SBC,74.185,2
ADI,SC,148.11,1
ADI,ST,88.255,2
ADI,TDL,30.735,2
AGC,ALD,27.814999999999998,2
AGC,BCT,92.07,3
AGC,BPL,14.43,3
AGC,BRC,66.42,1
AGC,BZA,99.96000000000001,2
AGC,DHN,130.15,4
AGC,GAYA,113.68,2
AGC,GWL,43.14,3
AGC,HWH,119.35,1
AGC,JP,133.19,1
AGC,KOTA,117.64,1
AGC,LKO,28.65,3
AGC,MAS,91.13,1
AGC,MGS,62.945,2
AGC,NDLS,157.13,1
AGC,PUNE,63.464999999999996,2
AGC,RTM,99.74,2
AGC,TDL,87.52,5
AGC,VAPI,134.65,1
ALD,ADI,42.2,1
ALD,AGC,117.81,3
ALD,CSTM,106.54,1
ALD,DHN,9.05,1
ALD,GAYA,59.23,3
ALD,HWH,6.39,1
ALD,KOTA,108.25,1
ALD,LKO,116.47,3
ALD,MAS,104.32,4
ALD,MGS,71.89,2
ALD,NDLS,85.35,2
ALD,NGP,69.68,2
ALD,PNBE,66.2,1
ALD,PUNE,118.89,1
ALD,SBC,31.295,2
ALD,ST,45.59,1
ASN,ADI,2.93,1
ASN,AGC,114.19,1
ASN,ALD,37.974999999999994,2
ASN,BCT,30.51,3
ASN,BPL,20.21,3
ASN,BRC,66.035,2
ASN,CNB,95.35499999999999,2
ASN,CSTM,31.259999999999998,4
ASN,GWL,73.21,1
ASN,HWH,127.73,3
ASN,JHS,21.97,1
ASN,JP,104.03999999999999,2
ASN,MAS,85.56,2
ASN,MGS,139.60500000000002,2
ASN,NDLS,120.9,2
ASN,NGP,124.12,1
ASN,PNBE,158.495,2
ASN,PUNE,20.09,1
ASN,RTM,82.78999999999999,2
ASN,SBC,6.41,1
ASN,SC,38.7,2
ASN,ST,55.21,3
BCT,ADI,107.91,2
BCT,AGC,129.96,2
BCT,ALD,148.5,1
BCT,BPL,116.95499999999998,2
BCT,BZA,55.455,2
BCT,CNB,68.29,2
BCT,GAYA,122.63,1
BCT,GWL,146.39,1
BCT,HWH,87.03,2
BCT,JP,21.44,1
BCT,KOTA,73.2,2
BCT,NDLS,45.66,1
BCT,PNBE,128.615,2
BCT,RTM,88.42,1
BCT,SC,61.465,2
BCT,TDL,79.565,2
BCT,VAPI,118.145,2
BPL,AGC,67.145,2
BPL,ALD,124.11,1
BPL,BCT,104.11,1
BPL,BRC,74.77,1
BPL,BZA,157.275,2
BPL,CNB,112.47,3
BPL,GAYA,97.67,1
BPL,GWL,103.78,2
BPL,HWH,133.51999999999998,2
BPL,JP,124.65,2
BPL,LKO,26.14,1
BPL,MAS,50.06,1
BPL,NDLS,21.83,1
BPL,PNBE,122.62,2
BPL,PUNE,74.75,3
BPL,RTM,120.585,2
BPL,SC,78.825,2
BPL,TDL,89.44,1
BRC,ADI,116.99,1
BRC,AGC,148.92,1
BRC,BPL,170.44,1
BRC,BZA,134.63,1
BRC,CNB,155.12,1
BRC,DHN,20.32,1
BRC,HWH,2.33,1
BRC,JP,128.99,2
BRC,KOTA,115.855,2
BRC,MAS,108.12,1
BRC,NGP,52.66,3
BRC,PNBE,110.11,1
BRC,PUNE,120.79,1
BRC,RTM,143.09,1
BRC,SBC,65.84,1
BRC,ST,153.02,1
BRC,TDL,74.31,1
BZA,ADI,44.67,1
BZA,AGC,72.645,2
BZA,ALD,139.56,1
BZA,ASN,40.61,2
BZA,BPL,136.66,2
BZA,BRC,157.67,1
BZA,CNB,20.265,2
BZA,CSTM,57.92,1
BZA,GAYA,76.78,2
BZA,GWL,106.45,1
BZA,HWH,58.614999999999995,4
BZA,JHS,150.07,2
BZA,KOTA,114.55,2
BZA,LKO,170.91,1
BZA,MAS,173.34,1
BZA,MGS,52.375,2
BZA,NDLS,86.8,1
BZA,PUNE,30.93,1
BZA,SC,35.59,3
BZA,ST,94.02,1
BZA,TDL,102.655,2
BZA,VAPI,112.52,3
CNB,ADI,117.36,3
CNB,ALD,108.99,1
CNB,ASN,67.46,1
CNB,BCT,167.95,1
CNB,BPL,71.45,1
CNB,BRC,85.36500000000001,2
CNB,BZA,78.77,1
CNB,DHN,130.04,3
CNB,GAYA,127.33500000000001,2
CNB,GWL,23.32,1
CNB,HWH,71.4,2
CNB,JHS,98.725,2
CNB,JP,86.085,6
CNB,MAS,32.47,1
CNB,MGS,177.24,1
CNB,NDLS,96.795,2
CNB,NGP,123.30000000000001,2
CNB,PUNE,121.055,2
CNB,SBC,170.03,1
CNB,ST,106.38,1
CNB,TDL,58.19,3
CNB,VAPI,98.16499999999999,2
CSTM,ADI,131.33,1
CSTM,ALD,141.72,1
CSTM,ASN,165.185,2
CSTM,BCT,75.88499999999999,4
CSTM,BZA,45.4,1
CSTM,CNB,64.32,1
CSTM,HWH,93.025,2
CSTM,LKO,47.03,1
CSTM,NDLS,142.025,2
CSTM,NGP,115.4,1
CSTM,PNBE,63.32,1
CSTM,PUNE,49.795,2
CSTM,RTM,135.01,1
CSTM,SBC,170.88,1
CSTM,ST,67.465,2
CSTM,TDL,62.92,3
CSTM,VAPI,102.15,2
DHN,ADI,132.15,1
DHN,AGC,24.55,1
DHN,BCT,95.48,1
DHN,BRC,170.8,1
DHN,CNB,130.64,1
DHN,CSTM,61.155,2
DHN,GAYA,99.08,1
DHN,GWL,147.95,1
DHN,HWH,141.89,1
DHN,JHS,102.58,1
DHN,JP,141.67,2
DHN,LKO,57.25,2
DHN,MAS,122.72,1
DHN,MGS,72.06,3
DHN,NDLS,116.79,1
DHN,PNBE,90.235,2
DHN,PUNE,118.87,1
DHN,SBC,43.94,1
DHN,VAPI,26.605,2
GAYA,ADI,117.62,3
GAYA,ALD,158.58,1
GAYA,ASN,143.92,1
GAYA,BCT,36.91,1
GAYA,BPL,58.85,5
GAYA,BRC,116.33,1
GAYA,BZA,99.81,1
GAYA,CNB,108.53,5
GAYA,DHN,45.83,1
GAYA,GWL,78.22,1
GAYA,JHS,110.62,1
GAYA,JP,61.73,1
GAYA,KOTA,77.26,4
GAYA,LKO,122.25,1
GAYA,MAS,101.38,2
GAYA,MGS,56.16,1
GAYA,NGP,142.03,1
GAYA,PUNE,74.34,2
GAYA,RTM,39.26,1
GAYA,SC,87.05,2
GAYA,ST,128.54,2
GAYA,TDL,81.94,3
GAYA,VAPI,175.08,1
GWL,AGC,140.25,3
GWL,ALD,134.42,3
GWL,BCT,119.66,4
GWL,BPL,6.21,1
GWL,BRC,27.16,1
GWL,BZA,113.27,1
GWL,DHN,88.63,1
GWL,GAYA,136.15,1
GWL,JP,175.67,1
GWL,KOTA,95.37,3
GWL,MAS,4.9,1
GWL,MGS,178.15,1
GWL,NDLS,63.035,2
GWL,NGP,58.85,1
GWL,PNBE,118.48499999999999,4
GWL,PUNE,55.99,1
GWL,RTM,93.85,2
GWL,SBC,99.99,1
GWL,SC,92.66,2
GWL,TDL,129.285,2
HWH,ADI,81.81,3
HWH,AGC,36.72,3
HWH,ALD,97.6,1
HWH,ASN,168.63,1
HWH,BPL,83.195,2
HWH,CNB,45.7,1
HWH,GAYA,57.93,3
HWH,JP,153.81,3
HWH,LKO,69.64,1
HWH,NDLS,78.075,2
HWH,NGP,73.875,2
HWH,PNBE,63.92,1
HWH,PUNE,24.18,1
HWH,SBC,98.6,1
HWH,TDL,21.22,3
HWH,VAPI,156.51999999999998,2
JHS,ADI,141.685,2
JHS,AGC,101.59,1
JHS,ALD,90.845,2
JHS,BCT,27.16,1
JHS,BPL,87.605,2
JHS,BRC,76.275,4
JHS,BZA,98.285,2
JHS,CNB,85.81,3
JHS,CSTM,71.87,1
JHS,DHN,97.12,1
JHS,GWL,93.6,1
JHS,MAS,167.31,1
JHS,MGS,107.595,2
JHS,NDLS,50.355000000000004,2
JHS,PNBE,65.43,1
JHS,PUNE,68.24,1
JHS,SBC,89.22,1
JHS,SC,16.53,3
JHS,ST,18.88,1
JHS,TDL,29.5,1
JHS,VAPI,144.87,1
JP,ADI,117.6,1
JP,ALD,147.56,1
JP,ASN,30.98,1
JP,BCT,79.95,3
JP,BRC,56.315,2
JP,CSTM,28.11,2
JP,DHN,19.27,3
JP,KOTA,147.28,1
JP,MAS,85.07,1
JP,MGS,47.07,1
JP,NDLS,115.20500000000001,2
JP,NGP,134.6,2
JP,PUNE,133.605,2
JP,SBC,141.03,1
JP,ST,40.49,1
JP,TDL,161.86,1
JP,VAPI,113.29,1
KOTA,AGC,29.96,1
KOTA,BCT,94.75,2
KOTA,CNB,109.61500000000001,2
KOTA,CSTM,130.39999999999998,2
KOTA,HWH,24.68,1
KOTA,JHS,170.68,1
KOTA,LKO,21.19,1
KOTA,MGS,63.055,2
KOTA,NDLS,113.4,1
KOTA,PUNE,131.77,1
KOTA,RTM,110.19,2
KOTA,SBC,173.22,1
KOTA,SC,90.83,1
KOTA,ST,71.705,2
KOTA,TDL,91.92500000000001,2
KOTA,VAPI,57.76,1
LKO,ADI,57.54,1
LKO,AGC,31.42,1
LKO,ALD,61.745000000000005,2
LKO,BRC,116.35,1
LKO,CSTM,29.89,2
LKO,DHN,77.815,2
LKO,GWL,107.7,1
LKO,JHS,172.24,1
LKO,MGS,16.445,2
LKO,NDLS,84.6,1
LKO,NGP,45.8,3
LKO,RTM,87.305,2
LKO,SC,142.08,1
LKO,ST,135.27,1
LKO,TDL,110.805,2
LKO,VAPI,68.57,5
MAS,AGC,13.92,1
MAS,BPL,126.63499999999999,2
MAS,BRC,102.58,3
MAS,BZA,71.59,3
MAS,CNB,65.785,2
MAS,CSTM,122.3,1
MAS,DHN,53.52,2
MAS,GWL,112.67,3
MAS,JHS,95.375,2
MAS,JP,16.09,1
MAS,KOTA,52.635000000000005,2
MAS,MGS,87.11,1
MAS,PNBE,130.75,3
MAS,PUNE,81.22,2
MAS,RTM,70.96,1
MAS,SC,25.905,2
MAS,ST,99.56,4
MAS,VAPI,93.705,2
MGS,ADI,141.18,1
MGS,ALD,160.1,2
MGS,BCT,59.72,2
MGS,BRC,134.49,3
MGS,CNB,30.11,3
MGS,DHN,94.74000000000001,2
MGS,GAYA,98.325,4
MGS,GWL,103.1,1
MGS,HWH,54.31,2
MGS,KOTA,86.47,1
MGS,LKO,103.66,1
MGS,NGP,124.35,1
MGS,PNBE,173.98,1
MGS,PUNE,142.22,1
MGS,RTM,146.1,1
MGS,SBC,136.34,3
MGS,SC,54.94,2
MGS,ST,33.87,1
MGS,TDL,126.32,1
NDLS,ADI,103.46,3
NDLS,AGC,119.87,3
NDLS,ALD,69.57,2
NDLS,ASN,7.74,1
NDLS,BCT,149.28,1
NDLS,GWL,22.09,1
NDLS,HWH,42.97,1
NDLS,JHS,50.72,3
NDLS,JP,139.66,1
NDLS,KOTA,121.66,1
NDLS,LKO,156.34,1
NDLS,MAS,130.38,4
NDLS,MGS,67.62,1
NDLS,PNBE,86.83500000000001,2
NDLS,RTM,122.29,1
NDLS,SBC,44.53,1
NDLS,SC,88.41499999999999,2
NDLS,TDL,84.16,3
NDLS,VAPI,90.95,1
NGP,ADI,126.1,1
NGP,AGC,95.73,3
NGP,ALD,79.83,1
NGP,ASN,88.665,2
NGP,BZA,63.77,3
NGP,CNB,95.025,4
NGP,CSTM,142.45,1
NGP,DHN,140.62,1
NGP,GAYA,109.16999999999999,2
NGP,HWH,79.97999999999999,2
NGP,JP,150.45,1
NGP,KOTA,96.81,1
NGP,LKO,34.45,1
NGP,MAS,72.52499999999999,2
NGP,MGS,60.345,2
NGP,PNBE,60.675,2
NGP,SBC,50.78,2
NGP,SC,129.6,1
NGP,ST,67.49,1
NGP,TDL,132.69,1
NGP,VAPI,130.55,2
PNBE,AGC,96.03,2
PNBE,ALD,91.38499999999999,2
PNBE,ASN,146.71,2
PNBE,BPL,57.9,2
PNBE,BRC,94.59,1
PNBE,CSTM,158.72,1
PNBE,DHN,56.02,2
PNBE,GWL,114.07,2
PNBE,HWH,10.01,1
PNBE,JHS,128.195,2
PNBE,KOTA,131.34,1
PNBE,LKO,140.34,2
PNBE,MAS,63.405,2
PNBE,NDLS,166.18,4
PNBE,PUNE,150.85,1
PNBE,SBC,95.675,4
PNBE,SC,144.06,1
PNBE,ST,122.9,1
PNBE,TDL,166.065,2
PUNE,ADI,29.64,1
PUNE,ALD,121.32,1
PUNE,ASN,67.58,3
PUNE,BPL,72.14,1
PUNE,BRC,114.025,4
PUNE,BZA,103.7,5
PUNE,CNB,23.06,1
PUNE,CSTM,123.23,1
PUNE,DHN,79.08,2
PUNE,GAYA,72.685,4
PUNE,GWL,135.57999999999998,2
PUNE,HWH,51.72,1
PUNE,LKO,31.8,1
PUNE,MGS,121.82,1
PUNE,NDLS,9.75,1
PUNE,PNBE,72.875,2
PUNE,SBC,167.355,2
PUNE,SC,156.45499999999998,2
PUNE,ST,61.89,1
PUNE,TDL,51.73,5
RTM,ALD,78.16,2
RTM,ASN,88.79,1
RTM,BCT,113.975,2
RTM,BPL,136.25,1
RTM,BRC,99.795,2
RTM,CNB,129.43,2
RTM,CSTM,48.01,1
RTM,GAYA,109.125,2
RTM,HWH,124.03,2
RTM,JHS,102.395,2
RTM,JP,127.6,1
RTM,LKO,128.58,3
RTM,MGS,140.23000000000002,2
RTM,NDLS,7.16,1
RTM,NGP,70.39,1
RTM,PNBE,74.535,2
RTM,PUNE,108.285,2
RTM,SBC,163.89,1
RTM,ST,91.22999999999999,2
RTM,VAPI,41.63,3
SBC,ADI,30.75,2
SBC,ALD,123.62,1
SBC,ASN,64.08,1
SBC,BCT,47.605000000000004,2
SBC,BRC,100.59,2
SBC,BZA,53.42,1
SBC,CNB,56.75,1
SBC,CSTM,13.46,1
SBC,DHN,135.94,3
SBC,GAYA,169.71,1
SBC,GWL,76.98,2
SBC,JHS,143.06,1
SBC,JP,53.519999999999996,2
SBC,LKO,29.23,1
SBC,MAS,120.46,3
SBC,NDLS,30.62,1
SBC,NGP,47.27,2
SBC,PNBE,33.58,3
SBC,PUNE,179.1,1
SBC,RTM,4.3,1
SBC,SC,83.93,5
SBC,ST,34.79,1
SBC,TDL,28.69,1
SBC,VAPI,124.89,1
SC,ADI,159.5,1
SC,ASN,108.64,3
SC,BCT,33.09,1
SC,BPL,107.655,2
SC,BRC,8.1,1
SC,GAYA,156.12,1
SC,JHS,103.92,6
SC,KOTA,146.81,3
SC,LKO,81.10499999999999,2
SC,MGS,78.73,2
SC,PNBE,106.03500000000001,2
SC,RTM,121.18,1
SC,SBC,129.12,2
SC,ST,107.92999999999999,2
ST,ADI,131.58,1
ST,AGC,111.93,2
ST,ALD,125.59,1
ST,BCT,33.16,1
ST,BPL,91.67500000000001,2
ST,BRC,89.925,2
ST,CNB,52.06,3
ST,CSTM,94.55000000000001,2
ST,GAYA,12.54,2
ST,GWL,54.58,1
ST,HWH,67.6,3
ST,JP,63.93,2
ST,KOTA,99.41,1
ST,MAS,171.24,1
ST,MGS,97.305,2
ST,NGP,163.19,1
ST,PNBE,132.29,2
ST,PUNE,110.26,1
ST,RTM,28.23,1
ST,SBC,6.37,1
ST,SC,132.07999999999998,2
ST,TDL,33.01,1
TDL,ADI,69.36,1
TDL,AGC,112.09,1
TDL,ALD,78.065,2
TDL,ASN,15.7,1
TDL,BPL,98.065,2
TDL,BRC,115.93,1
TDL,BZA,76.89,1
TDL,CNB,36.365,2
TDL,DHN,173.3,1
TDL,GAYA,175.9,1
TDL,HWH,108.97500000000001,2
TDL,JP,25.94,2
TDL,LKO,29.91,1
TDL,MAS,155.69,1
TDL,NGP,26.8,1
TDL,PNBE,110.67,1
TDL,PUNE,140.38,2
TDL,SBC,151.975,2
TDL,SC,91.06,4
TDL,VAPI,156.99,2
VAPI,ADI,14.27,1
VAPI,AGC,125.79,1
VAPI,BCT,9.32,2
VAPI,BPL,113.05,3
VAPI,BRC,118.11,1
VAPI,BZA,68.235,2
VAPI,CNB,167.735,2
VAPI,CSTM,130.91,4
VAPI,DHN,76.7,2
VAPI,GAYA,82.60499999999999,2
VAPI,HWH,55.39,1
VAPI,JHS,96.875,2
VAPI,JP,105.44,1
VAPI,LKO,127.74,3
VAPI,MGS,155.67,1
VAPI,NGP,64.71,1
VAPI,PUNE,96.22999999999999,2
VAPI,RTM,120.9,1
VAPI,ST,90.18,1
VAPI,TDL,46.1,1
